{
  "10": {
    "sample_pct": 10,
    "n_experiments": 3,
    "test_aucroc_mean": 0.4842328182413341,
    "test_aucroc_std": 0.012774120375720632,
    "test_aucroc_min": 0.46991512181197675,
    "test_aucroc_max": 0.5009321016545599,
    "test_prauc_mean": 0.460611705156391,
    "test_prauc_std": 0.012150992552514783,
    "test_prauc_min": 0.44699243294309987,
    "test_prauc_max": 0.47649638937872785,
    "test_acc_mean": 0.4665169834276268,
    "test_acc_std": 0.012306774508316241,
    "test_acc_min": 0.4527231051603191,
    "test_acc_max": 0.48260531744768587,
    "test_sens_mean": 0.44880114861391945,
    "test_sens_std": 0.011839428640911823,
    "test_sens_min": 0.43553108850866146,
    "test_sens_max": 0.46427853324081175,
    "test_spec_mean": 0.4783275399700984,
    "test_spec_std": 0.0126183384199192,
    "test_spec_min": 0.4641844495947576,
    "test_spec_max": 0.494823173585602,
    "test_pos_f1_mean": 0.4547064268851552,
    "test_pos_f1_std": 0.011995210596713305,
    "test_pos_f1_min": 0.44126176072588064,
    "test_pos_f1_max": 0.47038746130976977
  },
  "30": {
    "sample_pct": 30,
    "n_experiments": 3,
    "test_aucroc_mean": 0.6001765142162804,
    "test_aucroc_std": 0.021341375144407457,
    "test_aucroc_min": 0.5761189137205471,
    "test_aucroc_max": 0.6279883855649268,
    "test_prauc_mean": 0.5708996110837788,
    "test_prauc_std": 0.020300332454436323,
    "test_prauc_min": 0.5480155520756425,
    "test_prauc_max": 0.5973548057812718,
    "test_acc_mean": 0.5782188368669042,
    "test_acc_std": 0.020560593126929108,
    "test_acc_min": 0.5550413924868686,
    "test_acc_max": 0.6050132007271855,
    "test_sens_mean": 0.5562611595175281,
    "test_sens_std": 0.019779811109450766,
    "test_sens_min": 0.5339638712531901,
    "test_sens_max": 0.5820380158894443,
    "test_spec_mean": 0.5928572884331549,
    "test_spec_std": 0.021081114471914634,
    "test_spec_min": 0.569093073309321,
    "test_spec_max": 0.620329990619013,
    "test_pos_f1_mean": 0.5635803853006534,
    "test_pos_f1_std": 0.02004007178194354,
    "test_pos_f1_min": 0.5409897116644162,
    "test_pos_f1_max": 0.589696410835358
  },
  "50": {
    "sample_pct": 50,
    "n_experiments": 3,
    "test_aucroc_mean": 0.7196100956271151,
    "test_aucroc_std": 0.012184535112342538,
    "test_aucroc_min": 0.7034538043137439,
    "test_aucroc_max": 0.7328771749029538,
    "test_prauc_mean": 0.6845071641331096,
    "test_prauc_std": 0.011590167545886838,
    "test_prauc_min": 0.6691389845911223,
    "test_prauc_max": 0.6971270688101269,
    "test_acc_mean": 0.6932828970066112,
    "test_acc_std": 0.011738759437500744,
    "test_acc_min": 0.6777176895217778,
    "test_acc_max": 0.7060645953333337,
    "test_sens_mean": 0.6669556983861068,
    "test_sens_std": 0.011292983762659,
    "test_sens_min": 0.6519815747298114,
    "test_sens_max": 0.6792520157637134,
    "test_spec_mean": 0.710834362753614,
    "test_spec_std": 0.012035943220728672,
    "test_spec_min": 0.6948750993830886,
    "test_spec_max": 0.7239396483797472,
    "test_pos_f1_mean": 0.6757314312596082,
    "test_pos_f1_std": 0.011441575654272874,
    "test_pos_f1_min": 0.6605602796604669,
    "test_pos_f1_max": 0.6881895422869201
  },
  "70": {
    "sample_pct": 70,
    "n_experiments": 3,
    "test_aucroc_mean": 0.8016609650029718,
    "test_aucroc_std": 0.00970444007993181,
    "test_aucroc_min": 0.788005930531258,
    "test_aucroc_max": 0.8096798096831996,
    "test_prauc_mean": 0.7625555520759977,
    "test_prauc_std": 0.009231052758959546,
    "test_prauc_min": 0.7495666168468065,
    "test_prauc_max": 0.7701832336010924,
    "test_acc_mean": 0.7723319053077411,
    "test_acc_std": 0.009349399589202643,
    "test_acc_min": 0.7591764452679193,
    "test_acc_max": 0.7800573776216192,
    "test_sens_mean": 0.7430028456125105,
    "test_sens_std": 0.008994359098473433,
    "test_sens_min": 0.7303469600045807,
    "test_sens_max": 0.7504349455600389,
    "test_spec_mean": 0.7918846117712284,
    "test_spec_std": 0.009586093249688763,
    "test_spec_min": 0.7783961021101452,
    "test_spec_max": 0.799805665662673,
    "test_pos_f1_mean": 0.7527791988442541,
    "test_pos_f1_std": 0.00911270592871645,
    "test_pos_f1_min": 0.7399567884256936,
    "test_pos_f1_max": 0.7603090895805655
  },
  "90": {
    "sample_pct": 90,
    "n_experiments": 3,
    "test_aucroc_mean": 0.833871236555901,
    "test_aucroc_std": 0.01129060372130241,
    "test_aucroc_min": 0.820697203995034,
    "test_aucroc_max": 0.8482717186583077,
    "test_prauc_mean": 0.7931945908702476,
    "test_prauc_std": 0.010739842564165653,
    "test_prauc_min": 0.7806631940440569,
    "test_prauc_max": 0.8068926104310733,
    "test_acc_mean": 0.803363752291661,
    "test_acc_std": 0.010877532853449896,
    "test_acc_min": 0.7906716965318011,
    "test_acc_max": 0.817237387487882,
    "test_sens_mean": 0.7728562680274207,
    "test_sens_std": 0.010464461985597341,
    "test_sens_min": 0.7606461890685682,
    "test_sens_max": 0.786203056317456,
    "test_spec_mean": 0.8237020751344878,
    "test_spec_std": 0.011152913432018208,
    "test_spec_min": 0.8106887015072898,
    "test_spec_max": 0.8379269416014992,
    "test_pos_f1_mean": 0.783025429448834,
    "test_pos_f1_std": 0.010602152274881496,
    "test_pos_f1_min": 0.7706546915563125,
    "test_pos_f1_max": 0.7965478333742646
  },
  "100": {
    "sample_pct": 100,
    "n_experiments": 3,
    "test_aucroc_mean": 0.8341030253511956,
    "test_aucroc_std": 0.0022993945562363935,
    "test_aucroc_min": 0.8308690385539981,
    "test_aucroc_max": 0.836014671145913,
    "test_prauc_mean": 0.7934150728950398,
    "test_prauc_std": 0.002187228968127265,
    "test_prauc_min": 0.7903388415513641,
    "test_prauc_max": 0.7952334676753807,
    "test_acc_mean": 0.8035870610090788,
    "test_acc_std": 0.0022152703651545703,
    "test_acc_min": 0.8004713908020227,
    "test_acc_max": 0.8054287685430139,
    "test_sens_mean": 0.7730710966669618,
    "test_sens_std": 0.002131146174072737,
    "test_sens_min": 0.770073743050047,
    "test_sens_max": 0.7748428659401145,
    "test_spec_mean": 0.8239310372371568,
    "test_spec_std": 0.002271353159209119,
    "test_spec_min": 0.8207364893033398,
    "test_spec_max": 0.8258193702782801,
    "test_pos_f1_mean": 0.7832430847810009,
    "test_pos_f1_std": 0.002159187571100042,
    "test_pos_f1_min": 0.7802062923007056,
    "test_pos_f1_max": 0.7850381668077477
  }
}